{"cameraMode":{"drawMode":0,"name":"Shaded","section":"Shading Mode"},"sceneLighting":true,"audioPlay":false,"sceneViewState":{"showFog":true,"showMaterialUpdate":false,"showSkybox":true,"showFlares":true,"showImageEffects":true,"showParticleSystems":true},"in2DMode":false,"pivot":{"x":5.0745344161987309,"y":6.077268600463867,"z":-12.564854621887207},"rotation":{"x":0.0005497807869687676,"y":0.9990436434745789,"z":0.013178503140807152,"w":-0.04168330505490303},"size":9.979750633239746,"orthographic":false}