{"cameraMode":{"drawMode":0,"name":"Shaded","section":"Shading Mode"},"sceneLighting":true,"audioPlay":false,"sceneViewState":{"showFog":true,"showMaterialUpdate":false,"showSkybox":true,"showFlares":true,"showImageEffects":true,"showParticleSystems":true},"in2DMode":false,"pivot":{"x":41.0,"y":358.51190185546877,"z":-16.74860191345215},"rotation":{"x":-0.0032351429108530285,"y":-0.9483032822608948,"z":0.3172175884246826,"w":-0.009681970812380314},"size":255.63275146484376,"orthographic":false}